           1532332859.04, 53.349800000004094613359484, -6.260299999999997311306288, 6.096000000000000085265128
           1532332864.04, 53.349930071151234756143822, -6.262243214620334619269215, 6.284500680605880518214690
           1532332869.04, 53.350343927667168486550509, -6.268429305471987511566567, 6.884663718019612410614627
           1532332874.04, 53.351073877013710955452552, -6.279352173721394869687629, 7.944692407938651612653302
           1532332879.04, 53.352155301689172972601227, -6.295562751770812148777168, 9.518611611305736630583851
           1532332884.04, 53.353618784582863554533105, -6.317554491302054486823181, 11.655242231442592526491353
           1532332889.04, 53.355497799870988728798693, -6.345882435961441636607105, 14.409862573864868906525771
           1532332894.04, 53.357846954161580299569323, -6.381445275882059675609526, 17.871821293214335213406230
           1532332899.04, 53.360731091873034870332049, -6.425333635009897292889036, 22.150115604280493641908834
           1532332904.04, 53.364216791688349417199788, -6.478715181915805310097767, 27.362575370551088127513140
           1532332909.04, 53.368374639638204826042056, -6.542885943926757263966465, 33.641313599261458477940323
           1532332914.04, 53.373281706577600402852113, -6.619331367624385897840966, 41.139310348358939961599390
           1532332919.04, 53.379023557853734871514462, -6.709789746339143157172202, 50.037492251246234786776768
           1532332924.04, 53.385320612452282773574552, -6.810290088640216232818148, 59.956383448703213900898845
           1532332929.04, 53.391806584175157013305579, -6.915279557557735046202652, 70.355532115244301394341164
           1532332934.04, 53.398488037313967424779548, -7.025066174241283434298566, 81.270745790719061574236548
           1532332939.04, 53.405370473450155088812608, -7.139968790998071135334158, 92.739683888449334858705697
           1532332944.04, 53.412458789473056697261200, -7.260328060043867104411675, 104.803052385035897486886824
           1532332949.04, 53.419757434188802847074840, -7.386513648593301617495399, 117.505459432614969728092547
           1532332954.04, 53.427270454749901773539023, -7.518930806962338841969995, 130.896241321619612563154078
           1532332959.04, 53.435001515995267595826590, -7.658027897227093205856363, 145.030426446670674067718210
           1532332964.04, 53.442953903465195253374986, -7.804305453076761267539041, 159.969906244246288906651898
           1532332969.04, 53.451130518781660327931604, -7.958327483678154123936110, 175.784901545182805193690001
           1532332974.04, 53.459533878197724732217466, -8.120736035418932630136624, 192.555850787973952265019761
           1532332979.04, 53.468166124837019026472262, -8.292270420924827689646008, 210.375898051021607670918456
           1532332984.04, 53.476895018918852997558133, -8.471004436117883784618243, 229.061732871388073817797704
           1532332989.04, 53.485570838943644389473775, -8.654417874327357651509374, 248.363158203587857997263200
           1532332994.04, 53.494184704732397506177222, -8.842792894078257859291625, 268.321450656982165128283668
           1532332999.04, 53.502726679826935196615523, -9.036441983275553369026056, 288.982489091265961178578436
           1532333004.04, 53.511185568757163366626628, -9.235712041856301013353914, 310.397418318192478636774467
           1532333009.04, 53.519548741794416457651096, -9.440990934959616609489785, 332.623626225182761118048802
           1532333014.04, 53.527801921751454017339711, -9.652715807403541958819915, 355.725978119183309900108725
           1532333019.04, 53.535928921064076746461069, -9.871383782419986374634391, 379.778398119294081425323384
           1532333024.04, 53.543911313164798571051506, -10.097565965637443241575966, 404.865929491300107656570617
           1532333029.04, 53.551728014522204546210560, -10.331926112945401641241006, 431.087468415175578684284119
           1532333034.04, 53.559233579708887873493950, -10.569979098188376553935086, 457.845663521658650552126346
           1532333039.04, 53.566296438364041421209549, -10.806423162842467178279549, 484.424485115673405744018964
           1532333044.04, 53.572926245876310247240326, -11.041282064965090015107307, 510.825009720119624034850858
           1532333049.04, 53.579132406588414028192346, -11.274580378310924189122488, 537.048475586836275397217833
           1532333054.04, 53.584924050249760796305054, -11.506342151968452114374486, 563.096100063731000773259439
           1532333059.04, 53.590310041657900796963077, -11.736590925082927228118024, 588.969080071308667356788646
           1532333064.04, 53.595298989897905528323463, -11.965349741069855937780630, 614.668592565018684581445996
           1532333069.04, 53.599899257198750035513513, -12.192641161339917488248830, 640.195794983746509387856349
           1532333074.04, 53.604118967425200992238388, -12.418487278555550901160132, 665.551825685111793973192107
           1532333079.04, 53.607966014222078854345455, -12.642909729438065014051062, 690.737804367880357858666684
           1532333084.04, 53.611448068828515545192204, -12.865929707143775928557261, 715.754832482144252026046161
           1532333089.04, 53.614572587576375894968805, -13.087567973226061468494663, 740.603993627586419279396068
           1532333094.04, 53.617346819088083975657355, -13.307844869200344817272708, 765.286353940188860178750474
           1532333099.04, 53.619777811188122029761871, -13.526780327727429664719239, 789.802962467978659333311953
           1532333104.04, 53.621872417541155186881952, -13.744393883430261027456254, 814.154851536042087900568731
           1532333109.04, 53.623637304028697769808787, -13.960704683358516220437195, 838.343037101197069205227308
           1532333114.04, 53.625078954877274384216435, -14.175731497114794521507974, 862.368519096755449027114082
           1532333119.04, 53.626203678548421294181026, -14.389492726655214838160646, 886.232281767616996148717590
           1532333124.04, 53.627017613401640971915185, -14.602006415777070813533101, 909.935293996121686177502852
           1532333129.04, 53.627526733140193471172097, -14.813290259305587071025911, 933.478509618865359698247630
           1532333134.04, 53.627736852049622484628344, -15.023361611990889485923617, 956.862867734883025150338653
           1532333139.04, 53.627653630037805498886883, -15.232237497126215330922605, 980.089293005431045457953587
           1532333144.04, 53.627282577485281933604711, -15.439934614897969922253651, 1003.158695945600015875243116
           1532333149.04, 53.626629059914719732660160, -15.646469350477358872808509, 1026.071973208186136616859585
           1532333154.04, 53.625698302485872659417510, -15.851857781862896956681652, 1048.830007859907027523149736
           1532333159.04, 53.624495394325357722209446, -16.056115687483654141942679, 1071.433669650271440332289785
           1532333164.04, 53.623025292696787857948948, -16.259258553571299898976577, 1093.883815273385607724776492
           1532333169.04, 53.621292827018777416014927, -16.461301581309566444133452, 1116.181288622821739409118891
           1532333174.04, 53.619302702737279275879700, -16.662259693769222224091209, 1138.326921039910985200549476
           1532333179.04, 53.617059505057738988398341, -16.862147542636016339656635, 1160.321531555510091493488289
           1532333184.04, 53.614567702543780569612863, -17.060979514739187834493350, 1182.165927125575990430661477
           1532333189.04, 53.611831650587014053144230, -17.258769738387382375321977, 1203.860902860681562742684036
           1532333194.04, 53.608855594754174944682745, -17.455532089519063987381742, 1225.407242249651744714356028
           1532333199.04, 53.605643674015794886145159, -17.651280197673436589411722, 1246.805717377586233851616271
           1532333204.04, 53.602199923861867603136488, -17.846027451788547324440515, 1268.057089138259243554784916
           1532333209.04, 53.598528279308773392131116, -18.039787005832316424402961, 1289.162107441333091628621332
           1532333214.04, 53.594632577801576189813204, -18.232571784272305848162432, 1310.121511414277392759686336
           1532333219.04, 53.590516562016695445436198, -18.424394487389676555721962, 1330.936029599353560115559958
           1532333224.04, 53.586183882567908653982158, -18.615267596442649278287718, 1351.606380145694174643722363
           1532333229.04, 53.581638100620331499612803, -18.805203378684588244595943, 1372.133270996670262320549227
           1532333234.04, 53.576882690415480681167537, -18.994213892241702978935791, 1392.517400072673353861318901
           1532333239.04, 53.571921041710922395395755, -19.182310990854539056726935, 1412.759455449517872693832032
           1532333244.04, 53.566756462138400252115389, -19.369506328488583335456497, 1432.860115532415875350125134
           1532333249.04, 53.561392179482680830915342, -19.555811363817660719632840, 1452.820049225863158426363952
           1532333254.04, 53.555831343884989337311708, -19.741237364584538482858989, 1472.639916099390120507450774
           1532333259.04, 53.550077029973365938531060, -19.925795411842678106495441, 1492.320366549492746344185434
           1532333264.04, 53.544132238923069166958157, -20.109496404083245124638779, 1511.862041957532028391142376
           1532333269.04, 53.537999900449385393130797, -20.292351061250680999137330, 1531.265574844081811534124427
           1532333274.04, 53.531682874735807331489923, -20.474369928650794747682085, 1550.531589019560215092496946
           1532333279.04, 53.525183954299272670596110, -20.655563380754461633159735, 1569.660699731417935254285112
           1532333284.04, 53.518505865795845011234633, -20.835941624900669921771623, 1588.653513807844319671858102
           1532333289.04, 53.511651271767739501683536, -21.015514704901466558339962, 1607.510629798181298610870726
           1532333294.04, 53.504622772335430624934816, -21.194292504552965539232900, 1626.232638110100197081919760
           1532333299.04, 53.497422906835197409236571, -21.372284751053914675367196, 1644.820121143675351049751043
           1532333304.04, 53.490054155405374558540643, -21.549501018335995183861087, 1663.273653422340657925815322
           1532333309.04, 53.482518940522474792942376, -21.725950730307804548147033, 1681.593801720924602705053985
           1532333314.04, 53.474819628489392187020712, -21.901643164015563769453365, 1699.781125190812190339784138
           1532333319.04, 53.466958530876816269028495, -22.076587452722936433247014, 1717.836175482206954256980680
           1532333324.04, 53.458937905920663524739211, -22.250792588912592151473291, 1735.759496863769300034618936
           1532333329.04, 53.450759959875433935394540, -22.424267427211542980103332, 1753.551626339507265583961271
           1532333334.04, 53.442426848326462618388177, -22.597020687242967085239798, 1771.213093763132519598002546
           1532333339.04, 53.433940677462317125900881, -22.769060956406477203017857, 1788.744421949892284828820266
           1532333344.04, 53.425303505307866203111189, -22.940396692589331451017642, 1806.146126785859451047144830
           1532333349.04, 53.416517342920094790770236, -23.111036226809783755697936, 1823.418717334983966793515719
           1532333354.04, 53.407584155548015303338616, -23.280987765795781996303049, 1840.562695943674043519422412
           1532333359.04, 53.398505863757627309951204, -23.450259394499948228940411, 1857.578558343165468613733537
           1532333364.04, 53.389284344523154857142799, -23.618859078553128938438022, 1874.466793749737462349003181
           1532333369.04, 53.379921432285698301711818, -23.786794666658419572513594, 1891.227884962653661204967648
           1532333374.04, 53.370418919980750160902971, -23.954073892927034705735423, 1907.862308460102440221817233
           1532333379.04, 53.360778560035043938114541, -24.120704379157981378511977, 1924.370534493057903091539629
           1532333384.04, 53.351002065334213853020628, -24.286693637063084594274187, 1940.753027177163403393933550
           1532333389.04, 53.341091110162167865382798, -24.452049070438949485151170, 1957.010244582632594756432809
           1532333394.04, 53.331047331113062170970807, -24.616777977287487289004275, 1973.142638822289200106752105
           1532333399.04, 53.320872327976388760362170, -24.780887551885761865833047, 1989.150656137791429500794038
           1532333404.04, 53.310567664597165560280700, -24.944384886807977608214060, 2005.034736983986476843710989
           1532333409.04, 53.300134869710532825592963, -25.107276974899590982204245, 2020.795316111533793446142226
           1532333414.04, 53.289575437753200048973667, -25.269570711205599167215041, 2036.432822647824878004030325
           1532333419.04, 53.278890829650784155546717, -25.431272894854057398106306, 2051.947680176255289552500471
           1532333424.04, 53.268082473583696412333666, -25.592390230896356229095545, 2067.340306813794995832722634
           1532333429.04, 53.257151765730391446140857, -25.752929332105015447496044, 2082.611115287015309149865061
           1532333434.04, 53.246100070990266317494388, -25.912896720730305588631381, 2097.760513006607197894481942
           1532333439.04, 53.234928723685790430408815, -26.072298830217491172334121, 2112.788902140244772454025224
           1532333444.04, 53.223639028245166571196023, -26.231142006884077488848561, 2127.696679684121136233443394
           1532333449.04, 53.212232259865793082553864, -26.389432511560638516812105, 2142.484237532945371640380472
           1532333454.04, 53.200709665159216399388242, -26.547176521193687648292325, 2157.151962548530718777328730
           1532333459.04, 53.189072462778241856540262, -26.704380130413504446096340, 2171.700236627079448226140812
           1532333464.04, 53.177321844026735675470263, -26.861049353066597689121409, 2186.129436765014361299108714
           1532333469.04, 53.165458973452459190411901, -27.017190123714652116859725, 2200.439935123587929410859942
           1532333474.04, 53.153484989423859019552765, -27.172808299100378093271502, 2214.632099092128555639646947
           1532333479.04, 53.141401004690678178121743, -27.327909659580942758339006, 2228.706291350114042870700359
           1532333484.04, 53.129208106929745270008425, -27.482499910530599152025388, 2242.662869927948122494854033
           1532333489.04, 53.116907359275508326845738, -27.636584683712683840894897, 2256.502188266549183026654646
           1532333494.04, 53.104499800836308054385881, -27.790169538621526612587331, 2270.224595275801675597904250
           1532333499.04, 53.091986447196795495528931, -27.943259963796279521375254, 2283.830435391842456738231704
           1532333504.04, 53.079368290906671745688072, -28.095861378105936978499813, 2297.320048633212991262553260
           1532333509.04, 53.066646301956268416688545, -28.247979132007348113120315, 2310.693770655937441915739328
           1532333514.04, 53.053821428239693602790794, -28.399618508776431013984620, 2323.951932807514367596013471
           1532333519.04, 53.040894596005131234051078, -28.550784725713171496863652, 2337.094862179864321660716087
           1532333524.04, 53.027866710293437790824100, -28.701482935321703138242810, 2350.122881661277460807468742
           1532333529.04, 53.014738655364951114279393, -28.851718226465084882192969, 2363.036309987312051816843450
           1532333534.04, 53.001511295115236066521902, -29.001495625496833241641070, 2375.835461790742556331679225
           1532333539.04, 52.988185473479468612367782, -29.150820097368232097778673, 2388.520647650536375294905156
           1532333544.04, 52.974762014826417555468652, -29.299696546713118294746891, 2401.092174139929738885257393
           1532333549.04, 52.961241724341959979938110, -29.448129818910455668401482, 2413.550343873525889648590237
           1532333554.04, 52.947625388402585144831392, -29.596124701124974620825014, 2425.895455553522424452239648
           1532333559.04, 52.933913774939007623743237, -29.743685923326655284881781, 2438.127804015058245568070561
           1532333564.04, 52.920107633790458123712597, -29.890818159289722188987071, 2450.247680270696037041489035
           1532333569.04, 52.906207697049502769459650, -30.037526027571168185659189, 2462.255371554077555629191920
           1532333574.04, 52.892214679398257715092768, -30.183814092469987144795596, 2474.151161362714901770232245
           1532333579.04, 52.878129278435444859951531, -30.329686864967086989963718, 2485.935329500007355818524957
           1532333584.04, 52.863952174995134214441350, -30.475148803646234796360659, 2497.608152116434666822897270
           1532333589.04, 52.849684033457471343808720, -30.620204315597163713391637, 2509.169901750022745545720682
           1532333594.04, 52.835325502051013302207139, -30.764857757300681839751633, 2520.620847365979898313526064
           1532333599.04, 52.820877213147483075772470, -30.909113435496465172036551, 2531.961254395636842673411593
           1532333604.04, 52.806339783548907007570961, -31.052975608033701604426824, 2543.191384774655034561874345
           1532333609.04, 52.791713814767319945531199, -31.196448484705587844700858, 2554.311496980504216480767354
           1532333614.04, 52.776999893297343646736408, -31.339536228067309764355741, 2565.321846069216007890645415
           1532333619.04, 52.762198590881865811752505, -31.482242954238468968242159, 2576.222683711506306281080469
           1532333624.04, 52.747310464770379212495754, -31.624572733690001768991351, 2587.014258228158723795786500
           1532333629.04, 52.732336057971473053385125, -31.766529592016130578713273, 2597.696814624807757354574278
           1532333634.04, 52.717275899498545754795487, -31.908117510691859308735729, 2608.270594626032561791362241
           1532333639.04, 52.702130504609002059623890, -32.049340427815749876572227, 2618.735836708818624174455181
           1532333644.04, 52.686900375037602373140544, -32.190202238839063397790596, 2629.092776135416897886898369
           1532333649.04, 52.671585999223864860141475, -32.330706797281095532525796, 2639.341644985564016678836197
           1532333654.04, 52.656187852533506088548165, -32.470857915431245999116072, 2649.482672188119977363385260
           1532333659.04, 52.640706397474460231933335, -32.610659365038067392106313, 2659.516083552116469945758581
           1532333664.04, 52.625142083906887080502202, -32.750114877985318173614360, 2669.442101797221312153851613
           1532333669.04, 52.609495349248675211129012, -32.889228146956369869258197, 2679.260946583636268769623712
           1532333674.04, 52.593766618674756330165110, -33.028002826085547383172525, 2688.972834541420525056309998
           1532333679.04, 52.577956305312021356712648, -33.166442531598264054082392, 2698.577979299294838710920885
           1532333684.04, 52.562064810428935857089527, -33.304550842439148539142479, 2708.076591512937284278450534
           1532333689.04, 52.546092523620380632110027, -33.442331300889371448192833, 2717.468878892641441780142486
           1532333694.04, 52.530039822987795616882067, -33.579787413172432763985853, 2726.755046230594416556414217
           1532333699.04, 52.513907075314534722565440, -33.716922650049376386505173, 2735.935295427527307765558362
           1532333704.04, 52.497694636236985843424918, -33.853740447403396274239640, 2745.009825518951856793137267
           1532333709.04, 52.481402850411072336100915, -33.990244206814303140617994, 2753.978832700883231154875830
           1532333714.04, 52.465032051674803881269327, -34.126437296122652753638249, 2762.842510355038484703982249
           1532333719.04, 52.448582563205903284142551, -34.262323049983990586042637, 2771.601049073628018959425390
           1532333724.04, 52.432054697676406362916168, -34.397904770413944675055973, 2780.254636683613171044271439
           1532333729.04, 52.415448757402330670629453, -34.533185727323370883823372, 2788.803458270574083144310862
           1532333734.04, 52.398765034489933611894230, -34.668169159044495586385892, 2797.247696202075076143955812
           1532333739.04, 52.382003810978090996286483, -34.802858272848226306450670, 2805.587530150622114888392389
           1532333744.04, 52.365165358976852871819574, -34.937256245452431357989553, 2813.823137116147336200810969
           1532333749.04, 52.348249940802496382730169, -35.071366223521657445871824, 2821.954691448123412556014955
           1532333754.04, 52.331257809108997491875925, -35.205191324158732868454535, 2829.982364867201795277651399
           1532333759.04, 52.314189207015971305736457, -35.338734635387751836788084, 2837.906326486458965518977493
           1532333764.04, 52.297044368233152056291146, -35.471999216629207296591630, 2845.726742832242507574846968
           1532333769.04, 52.279823517181760905714327, -35.604988099167407256118167, 2853.443777864605181093793362
           1532333774.04, 52.262526869112654992477474, -35.737704286610032511362078, 2861.057592997344272589543834
           1532333779.04, 52.245154630220973501764092, -35.870150755340091563994065, 2868.568347117683060787385330
           1532333784.04, 52.227706997757934459514217, -36.002330454961082750742207, 2875.976196605524819460697472
           1532333789.04, 52.210184160139597508987208, -36.134246308733935393320280, 2883.281295352357574302004650
           1532333794.04, 52.192586297052599775270210, -36.265901214008252395615273, 2890.483794779786876461002976
           1532333799.04, 52.174913579556957188287925, -36.397298042645452653687244, 2897.583843857691590528702363
           1532333804.04, 52.157166170186073372860847, -36.528439641436179385891592, 2904.581589122033619787544012
           1532333809.04, 52.139344223043877946111024, -36.659328832510297502267349, 2911.477174692323387716896832
           1532333814.04, 52.121447883899378439309658, -36.789968413741284791740327, 2918.270742288706060207914561
           1532333819.04, 52.103477290278391365063726, -36.920361159143553209105448, 2924.962431248744906042702496
           1532333824.04, 52.085432571552679803517094, -37.050509819264320299225801, 2931.552378543816303135827184
           1532333829.04, 52.067313849026533034702879, -37.180417121568950733490055, 2938.040718795220527681522071
           1532333834.04, 52.049121236020930325594236, -37.310085770820769823785668, 2944.427584289928745420183986
           1532333839.04, 52.030854837955068603605469, -37.439518449455029269756778, 2950.713104996033962379442528
           1532333844.04, 52.012514752425566655347211, -37.568717817946833292808151, 2956.897408577866826817626134
           1532333849.04, 51.994101069283196636661160, -37.697686515174396504335164, 2962.980620410781284590484574
           1532333854.04, 51.975613870707462638165453, -37.826427158776219528135698, 2968.962863595686030748765916
           1532333859.04, 51.957053231278656824088102, -37.954942345503390299654711, 2974.844258973164414783241227
           1532333864.04, 51.938419218047826575457293, -38.083234651566428397018171, 2980.624925137421996623743325
           1532333869.04, 51.919711890604524739956105, -38.211306632977418473728903, 2986.304978449831651232670993
           1532333874.04, 51.900931301142350093869027, -38.339160825887006467382889, 2991.884533052252663765102625
           1532333879.04, 51.882077494522306437829684, -38.466799746916755964321055, 2997.363700879976931901182979
           1532333884.04, 51.863150508334292965173518, -38.594225893486502343421307, 3002.742591674524192058015615
           1532333889.04, 51.844150372956121941570018, -38.721441744137436558048648, 3008.021312995987045724177733
           1532333894.04, 51.825077111610880820080638, -38.848449758850478019667207, 3013.199970235225919168442488
           1532333899.04, 51.805930740422397207112226, -38.975252379360341592473560, 3018.278666625722507887985557
           1532333904.04, 51.786711268468209823367943, -39.101852029465362647897564, 3023.257503255180836276849732
           1532333909.04, 51.767418697831111273899296, -39.228251115332859910722618, 3028.136579076856378378579393
           1532333914.04, 51.748053023648495241104683, -39.354452025800561898449814, 3032.915990920612784975674003
           1532333919.04, 51.728614234160204432555474, -39.480457132674054321341828, 3037.595833503716676204930991
           1532333924.04, 51.709102310754111897495022, -39.606268791020255548573914, 3042.176199441397784539731219
           1532333929.04, 51.689517228009954408207705, -39.731889339456849086218426, 3046.657179257061216048896313
           1532333934.04, 51.669858953741936602455098, -39.857321100438376504371263, 3051.038861392392846028087661
           1532333939.04, 51.650127449038713223217201, -39.982566380538258954402409, 3055.321332217060898983618245
           1532333944.04, 51.630322668302319755184726, -40.107627470727358343083324, 3059.504676038258821790805086
           1532333949.04, 51.610444559284879062488471, -40.232506646648971582180820, 3063.588975110005776514299214
           1532333954.04, 51.590493063124228001470328, -40.357206168890698450013588, 3067.574309642108346452005208
           1532333959.04, 51.570468114377199242426286, -40.481728283252650157919561, 3071.460757808986272721085697
           1532333964.04, 51.550369641051744906690146, -40.606075221012346787574643, 3075.248395758218975970521569
           1532333969.04, 51.530197564637276741450478, -40.730249199186545183692942, 3078.937297618830598366912454
           1532333974.04, 51.509951800133372046275326, -40.854252420790004407535889, 3082.527535509376775735290721
           1532333979.04, 51.489632256076760086216382, -40.978087075091124802384002, 3086.019179545774932194035500
           1532333984.04, 51.469238834567107687689713, -41.101755337864503303535457, 3089.412297848889465967658907
           1532333989.04, 51.448771431290893474397308, -41.225259371640859740182350, 3092.706956551954135647974908
           1532333994.04, 51.428229935543896544913878, -41.348601325953609375574160, 3095.903219807672485330840573
           1532333999.04, 51.407614230252200115955930, -41.471783337583431716666382, 3099.001149795158653432736173
           1532334004.04, 51.386924191991582233640656, -41.594807530799421613210143, 3102.000806726632617937866598
           1532334009.04, 51.366159691005528031837457, -41.717676017597895565813815, 3104.902248853910805337363854
           1532334014.04, 51.345320591221522477098915, -41.840390897938618763873819, 3107.705532474643405294045806
           1532334019.04, 51.324406750266270194060780, -41.962954259978580751067057, 3110.410711938357962935697287
           1532334024.04, 51.303418019479131828575191, -42.085368180303213136994600, 3113.017839652283328177873045
           1532334029.04, 51.282354243924189063363883, -42.207634724155170147241734, 3115.526966086938045918941498
           1532334034.04, 51.261215262400995129610237, -42.329755945661062810358999, 3117.938139781531845073914155
           1532334039.04, 51.240000907453818967951520, -42.451733888055443344455853, 3120.251407349170222005341202
           1532334044.04, 51.218711005379418566008098, -42.573570583903098452083213, 3122.466813481766621407587081
           1532334049.04, 51.197345376233528213560930, -42.695268055318926769814425, 3124.584400954839566111331806
           1532334054.04, 51.175903833835789669137739, -42.816828314185762849319872, 3126.604210632035574235487729
           1532334059.04, 51.154386185773589090786118, -42.938253362370019772242813, 3128.526281469489276787498966
           1532334064.04, 51.132792233404195769708167, -43.059545191935754360201827, 3130.350650519927967252442613
           1532334069.04, 51.111121771855529516415118, -43.180705785356153114662447, 3132.077352936616989609319717
           1532334074.04, 51.089374590025940392479242, -43.301737115723895499286300, 3133.706421977089576103026047
           1532334079.04, 51.067550470582261823437875, -43.422641146959243485525803, 3135.237889006647492351476103
           1532334084.04, 51.045649189956442626225908, -43.543419834016404479370976, 3136.671783501662503113038838
           1532334089.04, 51.023670518341347701607447, -43.664075123088124996684201, 3138.008133052755965763935819
           1532334094.04, 51.001614219684512363528484, -43.784608951809062205029477, 3139.246963367623266094597057
           1532334099.04, 50.979480051681051122614008, -43.905023249456817779901030, 3140.388298273810960381524637
           1532334104.04, 50.957267765765124067911529, -44.025319937152076477104856, 3141.432159721206062386045232
           1532334109.04, 50.934977107099818738333852, -44.145500928056804923471645, 3142.378567784336610202444717
           1532334114.04, 50.912607814565987496280286, -44.265568127571349066329276, 3143.227540664507159817731008
           1532334119.04, 50.890159620749649604931619, -44.385523433529549208742537, 3143.979094691707814490655437
           1532334124.04, 50.867632251927851427808491, -44.505368736393023709752015, 3144.633244326329077011905611
           1532334129.04, 50.845025428053659766192141, -44.625105919444109758842387, 3145.190002160701169486856088
           1532334134.04, 50.822338862739151466030307, -44.744736858977141480409045, 3145.649378920405069948174059
           1532334139.04, 50.799572263237791958090384, -44.864263424488839859805012, 3146.011383465388007607543841
           1532334144.04, 50.776725330424774540460930, -44.983687478867281583916338, 3146.276022790947081375634298
           1532334149.04, 50.753797758776634907462721, -45.103010878580093390155525, 3146.443302028399102709954605
           1532334154.04, 50.730789236348989845737378, -45.222235473861061905154202, 3146.513224445668129192199558
           1532334159.04, 50.707699444753238537941797, -45.341363108896061362429464, 3146.485791447626525041414425
           1532334164.04, 50.684528059131878308107844, -45.460395622008029192784306, 3146.361002576244118245085701
           1532334169.04, 50.661274748132228751273942, -45.579334845840740797484614, 3146.138855510523626435315236
           1532334174.04, 50.637939173879139787004533, -45.698182607541475874768366, 3145.819346066308298759395257
           1532334179.04, 50.614520991946037042907847, -45.816940728943599481226556, 3145.402468195794881467008963
           1532334184.04, 50.591019851324709577511385, -45.935611026747579899165430, 3144.888213986925620702095330
           1532334189.04, 50.567435394393790204503603, -46.054195312701253328668827, 3144.276573662581085955025628
           1532334194.04, 50.543767256885665517529560, -46.172695393779939365686005, 3143.567535579508330556564033
           1532334199.04, 50.520015067851915091523551, -46.291113072365504876870546, 3142.761086227174018858931959
           1532334204.04, 50.496178449627763029639027, -46.409450146424326533178828, 3141.857210226287861587479711
           1532334209.04, 50.472257017794696309920255, -46.527708409685466506289231, 3140.855890327222823543706909
           1532334214.04, 50.448250381141818365904328, -46.645889651817704191216762, 3139.757107408187494002049789
           1532334219.04, 50.424158141625660789486574, -46.763995658606333449824888, 3138.560840473234748060349375
           1532334224.04, 50.399979894328801321989886, -46.882028212129313260447816, 3137.267066650073957134736702
           1532334229.04, 50.375715227416606012411648, -46.999989090933119939563767, 3135.875761187634452653583139
           1532334234.04, 50.351363722092941088703810, -47.117880070207696974193823, 3134.386897453468463936587796
           1532334239.04, 50.326924952554094261358841, -47.235702921962058553617680, 3132.800446930977614101720974
           1532334244.04, 50.302398485941289152378886, -47.353459415198599913310318, 3131.116379216385212203022093
           1532334249.04, 50.277783882291643635653600, -47.471151316087492944006954, 3129.334662015525736933341250
           1532334254.04, 50.253080694487778146140045, -47.588780388141138644186867, 3127.455261140467428049305454
           1532334259.04, 50.228288468205654737630539, -47.706348392387724288710160, 3125.478140505858846154296771
           1532334264.04, 50.203406741860803208510333, -47.823857087545498245617637, 3123.403262125187666242709383
           1532334269.04, 50.178435046553474307984288, -47.941308230196149509083625, 3121.230586106678401847602800
           1532334274.04, 50.153372906011512100121763, -48.058703574958592241728184, 3118.960070649122826580423862
           1532334279.04, 50.128219836532096564951644, -48.176044874662743211501947, 3116.591672037417083629406989
           1532334284.04, 50.102975346921610366734967, -48.293333880522951062630455, 3114.125344637958278326550499
           1532334289.04, 50.077638938434162696466956, -48.410572342311660065661272, 3111.561040893744575441814959
           1532334294.04, 50.052210104708009907881205, -48.527762008533507298579934, 3108.898711319372068828670308
           1532334299.04, 50.026688331700555067982350, -48.644904626599000607711787, 3106.138304495703323482302949
           1532334304.04, 50.001073097621727470141195, -48.762001942998800529949222, 3103.279767064431780454469845
           1532334309.04, 49.975363872865344205820293, -48.879055703478087480107206, 3100.323043722363308916101232
           1532334314.04, 49.949560119938901436853484, -48.996067653211220260800474, 3097.268077215476751007372513
           1532334319.04, 49.923661293391717208578484, -49.113039536976607735141442, 3094.114808332835309556685388
           1532334324.04, 49.897666839740871580488601, -49.229973099332028141361661, 3090.863175900189162348397076
           1532334329.04, 49.871576197395761198549735, -49.346870084790509736194508, 3087.513116773409819870721549
           1532334334.04, 49.845388796580380130762933, -49.463732237996410390223900, 3084.064565831733034428907558
           1532334339.04, 49.819104059254179617255431, -49.580561303902165093404619, 3080.517455970674745913129300
           1532334344.04, 49.792721399030725137890840, -49.697359027945104514856212, 3076.871718094827429013093933
           1532334349.04, 49.766240221094349749364483, -49.814127156225900705521781, 3073.127281110358580917818472
           1532334354.04, 49.739659922114924484048970, -49.930867435686622002322110, 3069.284071917321398359490559
           1532334359.04, 49.712979890160966078838101, -50.047581614289725848720991, 3065.342015401693060994148254
           1532334364.04, 49.686199504610137012150517, -50.164271441198131640248903, 3061.301034427222930389689282
           1532334369.04, 49.659318136058175241487334, -50.280938666955655946821935, 3057.161049827020633529173210
           1532334374.04, 49.632335146225365463124035, -50.397585043668470916600199, 3052.921980394894035271136090
           1532334379.04, 49.605249887861070590133750, -50.514212325187322960573510, 3048.583742876440282998373732
           1532334384.04, 49.578061704646287921605108, -50.630822267290930938088422, 3044.146251959969504241598770
           1532334389.04, 49.550769931093476827754785, -50.747416627869760930025222, 3039.609420267080167832318693
           1532334394.04, 49.523373892444737975893077, -50.863997167111612895951112, 3034.973158343027535011060536
           1532334399.04, 49.495872904567271177711518, -50.980565647687519970077119, 3030.237374646869284333661199
           1532334404.04, 49.468266273846921876611304, -51.097123834939104369823326, 3025.401975541318734030937776
           1532334409.04, 49.440553297078899674943386, -51.213673497067389916992397, 3020.466865282347498578019440
           1532334414.04, 49.412733261356592606716731, -51.330216405322218520268507, 3015.431946008555769367376342
           1532334419.04, 49.384805443957617399064475, -51.446754334193371960282093, 3010.297117730242007382912561
           1532334424.04, 49.356769112227453888408490, -51.563289061602702645359386, 3005.062278318231165030738339
           1532334429.04, 49.328623523460613853330869, -51.679822369098232570649998, 2999.727323492432788043515757
           1532334434.04, 49.300367924779273209878738, -51.796356042048920187426120, 2994.292146810133090184535831
           1532334439.04, 49.272001553009189933618472, -51.912891869841445213751285, 2988.756639653982801974052563
           1532334444.04, 49.243523634552850865020446, -52.029431646078407425193291, 2983.120691219733998877927661
           1532334449.04, 49.214933385260188458687480, -52.145977168778074428701075, 2977.384188503710447548655793
           1532334454.04, 49.186230010296448256212898, -52.262530240575649997936125, 2971.547016289942803268786520
           1532334459.04, 49.157412704006844705872936, -52.379092668926830356213031, 2965.609057137038689688779414
           1532334464.04, 49.128480649778943245564733, -52.495666266312412062688963, 2959.570191364801303279818967
           1532334469.04, 49.099433019901660202322091, -52.612252850445408114410384, 2953.430297040486493642674759
           1532334474.04, 49.070268975421377888324059, -52.728854244479443025284127, 2947.189249964800637826556340
           1532334479.04, 49.040987665995167787968967, -52.845472277219755596888717, 2940.846923657559727871557698
           1532334484.04, 49.011588229740688404945104, -52.962108783335800410441152, 2934.403189343116082454798743
           1532334489.04, 48.982069793082963826691412, -53.078765603576187004364328, 2927.857915935346682090312243
           1532334494.04, 48.952431470598043006248190, -53.195444584985452252112736, 2921.210970022471428819699213
           1532334499.04, 48.922672364853070803292212, -53.312147581123781492351554, 2914.462215851410292088985443
           1532334504.04, 48.892791566243381851109007, -53.428876452288228904308198, 2907.611515311931270844070241
           1532334509.04, 48.862788152825721965655248, -53.545633065736900846331991, 2900.658727920399996946798638
           1532334514.04, 48.832661190148229479746078, -53.662419295915235295524326, 2893.603710803181911614956334
           1532334519.04, 48.802409731076686227879691, -53.779237024685379253696738, 2886.446318679783416882855818
           1532334524.04, 48.772032815617357925930264, -53.896088141557200401621230, 2879.186403845569202530896291
           1532334529.04, 48.741529470735606821563124, -54.012974543923093051489559, 2871.823816154169890069169924
           1532334534.04, 48.710898710171086634090898, -54.129898137294674143049633, 2864.358402999495865515200421
           1532334539.04, 48.680139534248802135607548, -54.246860835543202483677305, 2856.790009297459164372412488
           1532334544.04, 48.649250929686296274212509, -54.363864561141745923578128, 2849.118477467235152289504185
           1532334549.04, 48.618231869396794309068355, -54.480911245411611787403672, 2841.343647412257269024848938
           1532334554.04, 48.587081312287835999086383, -54.598002828771200256596785, 2833.465356500741108902730048
           1532334559.04, 48.555798203056113493403245, -54.715141260987934401782695, 2825.483439545869714493164793
           1532334564.04, 48.524381471977640956083633, -54.832328501434204781617154, 2817.397728785591425548773259
           1532334569.04, 48.492830034693433560732956, -54.949566519345715676081454, 2809.208053862003453104989603
           1532334574.04, 48.461142791990894806986034, -55.066857294084108787046716, 2800.914241800328909448580816
           1532334579.04, 48.429318629580265564982255, -55.184202815402841224567965, 2792.516116987518216774333268
           1532334584.04, 48.397356417866348010647926, -55.301605083716623312284355, 2784.013501150393949501449242
           1532334589.04, 48.365255011715476030076388, -55.419066110374984646114171, 2775.406213333400046394672245
           1532334594.04, 48.333013250217454981338960, -55.536587917939208125517325, 2766.694069875894911092473194
           1532334599.04, 48.300629956442264756333316, -55.654172540463768825702573, 2757.876884389035240019438788
           1532334604.04, 48.268103937191668251216470, -55.771822023781503219197475, 2748.954467732209650421282277
           1532334609.04, 48.235433982745327341490338, -55.889538425793190867807425, 2739.926627988990276207914576
           1532334614.04, 48.202618866601575575714378, -56.007323816761171997313795, 2730.793170442646442097611725
           1532334619.04, 48.169657345212549159896298, -56.125180279607931765895046, 2721.553897551215413841418922
           1532334624.04, 48.136548157713605178287253, -56.243109910218578306739801, 2712.208608922029725363245234
           1532334629.04, 48.103290025646622041222145, -56.361114817748600103186618, 2702.757101285824774095090106
           1532334634.04, 48.069881652677658223637991, -56.479197124935943463697186, 2693.199168470320273627294227
           1532334639.04, 48.036321724308272962389310, -56.597358968418319591364707, 2683.534601373294208315201104
           1532334644.04, 48.002608907580224695266224, -56.715602499055549401418830, 2673.763187935167934483615682
           1532334649.04, 47.968741850774193835604819, -56.833929882257123722411052, 2663.884713111068322177743539
           1532334654.04, 47.934719183101719863770995, -56.952343298314723085695732, 2653.898958842300999094732106
           1532334659.04, 47.900539514390146678124438, -57.070844942740883709575428, 2643.805704027394767763325945
           1532334664.04, 47.866201434760782262856083, -57.189437026612814918280492, 2633.604724492454806750174612
           1532334669.04, 47.831703514299817925348179, -57.308121776922092749373405, 2623.295792961094321071868762
           1532334674.04, 47.797044302722092368185258, -57.426901436930478439535364, 2612.878679023707263695541769
           1532334679.04, 47.762222329027252953892457, -57.545778266531605993350240, 2602.353149106172622850863263
           1532334684.04, 47.727236101148079683298420, -57.664754542619071742137749, 2591.718966437989820406073704
           1532334689.04, 47.692084105591185050343483, -57.783832559460932998263161, 2580.975891019788377889199182
           1532334694.04, 47.656764807069620815127564, -57.903014629080622910350939, 2570.123679590216852375306189
           1532334699.04, 47.621276648126830366436479, -58.022303081645070221838978, 2559.162085592216953955357894
           1532334704.04, 47.585618048752493791653251, -58.141700265859320495565044, 2548.090859138669657113496214
           1532334709.04, 47.549787405989498267899762, -58.261208549368745934771141, 2536.909746977359191077994183
           1532334714.04, 47.513783093531941403853125, -58.380830319167905884114589, 2525.618492455259911366738379
           1532334719.04, 47.477603461313933053133951, -58.500567982017898316371429, 2514.216835482200622209347785
           1532334724.04, 47.441246835089103228710883, -58.620423964870646216240857, 2502.704512493771289882715791
           1532334729.04, 47.404711516000055837594118, -58.740400715301696266124054, 2491.081256413608571165241301
           1532334734.04, 47.367995780138208772314101, -58.860500701950755342295452, 2479.346796614808226877357811
           1532334739.04, 47.331097878093643771535426, -58.980726414970945370441768, 2467.500858880783653148682788
           1532334744.04, 47.294016034493893130274955, -59.101080366486328898645297, 2455.543165365233107877429575
           1532334749.04, 47.256748447532395118741988, -59.221565091058664620504715, 2443.473434551421632932033390
           1532334754.04, 47.219293288485800985654350, -59.342183146163144158435898, 2431.291381210638064658269286
           1532334759.04, 47.181648701219863539790822, -59.462937112673259321127262, 2418.996716359856691269669682
           1532334764.04, 47.143812801683630198112951, -59.583829595355588537586300, 2406.589147218614016310311854
           1532334769.04, 47.105783677391983133020403, -59.704863223374218250683043, 2394.068377165011952456552535
           1532334774.04, 47.067559386895460704636207, -59.826040650805374809806381, 2381.434105690895648876903579
           1532334779.04, 47.029137959237552024660545, -59.947364557162480025453988, 2368.686028356185033771907911
           1532334784.04, 46.990517393399230172690295, -60.068837647932028289687878, 2355.823836742225921625504270
           1532334789.04, 46.951695657729828781157266, -60.190462655120036572498066, 2342.847218404347131581744179
           1532334794.04, 46.912670689364276199739834, -60.312242337810516801255289, 2329.755856823433987301541492
           1532334799.04, 46.873440393626225386469741, -60.434179482734862176585011, 2316.549431356538207182893530
           1532334804.04, 46.834002643416695832456753, -60.556276904853561404706852, 2303.227617186593761289259419
           1532334809.04, 46.794355278587573820914258, -60.678537447950333216795116, 2289.790085271054977056337520
           1532334814.04, 46.754496105300084707323549, -60.800963985238375641984021, 2276.236502289571035362314433
           1532334819.04, 46.714422895367107457786915, -60.923559419980186646625953, 2262.566530590631828090408817
           1532334824.04, 46.674133385579558819244994, -61.046326686120245597066969, 2248.779828137161075574113056
           1532334829.04, 46.633625277015589460916090, -61.169268748931898471710156, 2234.876048450992584548657760
           1532334834.04, 46.592896234333075256017764, -61.292388605678119972708373, 2220.854840556268754880875349
           1532334839.04, 46.551943885044131832273706, -61.415689286286536230363708, 2206.715848921719953068532050
           1532334844.04, 46.510765818771083957017254, -61.539173854040065236858936, 2192.458713401773820805829018
           1532334849.04, 46.469359586484351609669829, -61.662845406282293936328642, 2178.083069176458593574352562
           1532334854.04, 46.427722699720092691677564, -61.786707075139311484690552, 2163.588546690170460351509973
           1532334859.04, 46.385852629778753453138052, -61.910762028257146027954150, 2148.974771589108968328218907
           1532334864.04, 46.343746806902636592440103, -62.035013469556496090717701, 2134.241364657514623104361817
           1532334869.04, 46.301402619432117546693917, -62.159464640004593150024448, 2119.387941752594088029582053
           1532334874.04, 46.258817412940878455174243, -62.284118818404699879920372, 2104.414113738102969364263117
           1532334879.04, 46.215988489347616052782541, -62.408979322204054085432290, 2089.319486416609834122937173
           1532334884.04, 46.172913106005665895281709, -62.534049508320428856222861, 2074.103660460288665490224957
           1532334889.04, 46.129588474767821537625423, -62.659332773988502651718591, 2058.766231340384820214239880
           1532334894.04, 46.086011761027272370938590, -62.784832557625733784334443, 2043.306789255163721463759430
           1532334899.04, 46.042180082732976131865144, -62.910552339719131964557164, 2027.724919056395947336568497
           1532334904.04, 45.998090509378414481034270, -63.036495643733140070708032, 2012.020200174263663939200342
           1532334909.04, 45.953740060964413771671389, -63.162666037039208788428368, 1996.192206540768893319182098
           1532334914.04, 45.909125706933096466855204, -63.289067131868208093692374, 1980.240506511486046292702667
           1532334919.04, 45.864244365073666642729222, -63.415702586285561892509577, 1964.164662785681002787896432
           1532334924.04, 45.819092900398523227067926, -63.542576105190825330737425, 1947.964232324743534263689071
           1532334929.04, 45.773668123988606737384544, -63.669691441341512927465374, 1931.638766268916469925898127
           1532334934.04, 45.727966791807858726315317, -63.797052396402335716629750, 1915.187809852199734450550750
           1532334939.04, 45.681985603483937552482530, -63.924662822020991370663978, 1898.610902315488146996358410
           1532334944.04, 45.635721201056419715769152, -64.052526620930464673620008, 1881.907576817821791337337345
           1532334949.04, 45.589170167689729851190350, -64.180647748079621806027717, 1865.077360345701663391082548
           1532334954.04, 45.542329026350351739438338, -64.309030211792247655466781, 1848.119773620529031177284196
           1532334959.04, 45.495194238446835299782833, -64.437678074956011187168770, 1831.034331003918396163498983
           1532334964.04, 45.447762202431846390027204, -64.566595456241657302598469, 1813.820540401060043222969398
           1532334969.04, 45.400029252364141996167746, -64.695786531354201542853843, 1796.477903161868425740976818
           1532334974.04, 45.351991656430179489234433, -64.825255534316411853978934, 1779.005913980041668764897622
           1532334979.04, 45.303645615423164372259635, -64.955006758785884812823497, 1761.404060789788218244211748
           1532334984.04, 45.254987261178492019553232, -65.085044559407336350886908, 1743.671824660444599430775270
           1532334989.04, 45.206012654963942054564541, -65.215373353200092765291629, 1725.808679688522488504531793
           1532334994.04, 45.156717785823154542867996, -65.345997620983183651333093, 1707.814092887485458049923182
           1532334999.04, 45.107098568870661381424725, -65.476921908838392027973896, 1689.687524075028477454907261
           1532335004.04, 45.057150843537073114930536, -65.608150829613080645685841, 1671.428425757786271788063459
           1532335009.04, 45.006870371762481397581723, -65.739689064463476597666158, 1653.036243013431430881610140
           1532335014.04, 44.956252836135988104615535, -65.871541364440759025455918, 1634.510413370117476006271318
           1532335019.04, 44.905293837980096327555657, -66.003712552120390455456800, 1615.850366683096581255085766
           1532335024.04, 44.853988895377405299313978, -66.136207523276510755749769, 1597.055525008590848301537335
           1532335029.04, 44.802333441138081582266750, -66.269031248603354811166355, 1578.125302474667250862694345
           1532335034.04, 44.750322820705292770071537, -66.402188775484887628408615, 1559.059105149176048143999651
           1532335039.04, 44.697952289997353148010006, -66.535685229813850583013846, 1539.856330904556443783803843
           1532335044.04, 44.645217013183213339289068, -66.669525817863075189961819, 1520.516369279523360091843642
           1532335049.04, 44.592112060389773375845834, -66.803715828209988103481010, 1501.038601337468207930214703
           1532335054.04, 44.538632405337615693952102, -66.938260633716467395970540, 1481.422399521501802155398764
           1532335059.04, 44.484772922903573544317624, -67.073165693565812262022519, 1461.667127506069846276659518
           1532335064.04, 44.430528386606802371261438, -67.208436555359313047119940, 1441.772140045001151520409621
           1532335069.04, 44.375893466015035926375276, -67.344078857274027427592955, 1421.736782815941523949732073
           1532335074.04, 44.320862724069137073001912, -67.480098330284192797989817, 1401.560392260961179999867454
           1532335079.04, 44.265430614322177405028924, -67.616500800448505970052793, 1381.242295423367067996878177
           1532335084.04, 44.209591478089755867131316, -67.753292191265714450310043, 1360.781809780474759463686496
           1532335089.04, 44.153339541508280774451123, -67.890478526101048828422790, 1340.178243072335590113652870
           1532335094.04, 44.096668912498145687095530, -68.028065930685841067315778, 1319.430893126161663531092927
           1532335099.04, 44.039573577627145084534277, -68.166060635693412450564210, 1298.539047676487825810909271
           1532335104.04, 43.982047398871351617799519, -68.304468979393575978065201, 1277.501984180761610332410783
           1532335109.04, 43.924084110268253766662383, -68.443297410389462243074377, 1256.318969630383890034863725
           1532335114.04, 43.865677314459304625415825, -68.582552490438587255994207, 1234.989260356962631703936495
           1532335119.04, 43.806820479116247213369206, -68.722240897362496525602182, 1213.512101833625592917087488
           1532335124.04, 43.747506933247180427315470, -68.862369428047784936097742, 1191.886728471312608235166408
           1532335129.04, 43.687729863377718686479056, -69.002945001541874603390170, 1170.112363409834870253689587
           1532335134.04, 43.627482309601468557502812, -69.143974662247799756187305, 1148.188218303553867372102104
           1532335139.04, 43.566757161495573313914065, -69.285465583220798180263955, 1126.113493101484209546470083
           1532335144.04, 43.505547153894674750063132, -69.427425069572052507282933, 1103.887375821697560240863822
           1532335149.04, 43.443844862518524507777329, -69.569860561982409308257047, 1081.509042319797799791558646
           1532335154.04, 43.381642699446231858928513, -69.712779640331334007896658, 1058.977656051289386596181430
           1532335159.04, 43.318932908431726502840320, -69.856190027445421719676233, 1036.292367827653833955992013
           1532335164.04, 43.255707560052790938698308, -70.000099592970940420855186, 1013.452315565889648496522568
           1532335169.04, 43.191958546687438058597763, -70.144516357376161863612651, 990.456624031405908681335859
           1532335174.04, 43.127677577309633250024490, -70.289448496087629791873042, 967.304404573857823379512411
           1532335179.04, 43.062856172097554008360021, -70.434904343767016143829096, 943.994754855954965933051426
           1532335184.04, 42.997485656845405799231230, -70.580892398733311665637302, 920.526758574724226491525769
           1532335189.04, 42.931557157170232130738441, -70.727421327537101092275407, 896.899485175196105046779849
           1532335194.04, 42.865061592505995236024319, -70.874499969692877243687690, 873.111989556129060474631842
           1532335199.04, 42.797989669873992113480199, -71.022137342576101559643575, 849.163311767595814671949483
           1532335204.04, 42.730331877421157571461663, -71.170342646491874916137022, 825.052476700021884425950702
           1532335209.04, 42.662078477714558744082751, -71.319125269922864163163467, 800.778493764554127665178385
           1532335214.04, 42.593219500782140585215529, -71.468494794963461913539504, 776.340356564266585337463766
           1532335219.04, 42.523744736888090756110614, -71.618461002949189264654706, 751.737042556102437629306223
           1532335224.04, 42.453643729030495990173222, -71.769033880288731097607524, 726.967512702988415185245685
           1532335229.04, 42.382905765148116472573747, -71.920223624508366810914595, 702.030711115974895619729068
           1532335234.04, 42.311519870024753231518844, -72.072040650517450899315008, 676.925564685928634389711078
           1532335239.04, 42.239474796874212358943623, -72.224495597105530464432377, 651.650982704453213045781013
           1532335244.04, 42.166759018593722885270836, -72.377599333680493032261438, 626.205856473606104373175185
           1532335249.04, 42.093360718668328956937330, -72.531362967259426000055100, 600.589058904102103042532690
           1532335254.04, 42.019267781711022280433099, -72.685797849723002173050190, 574.799444101417407182452735
           1532335259.04, 41.944467783619479916978889, -72.840915585346110106002016, 548.835846939543216649326496
           1532335264.04, 41.868947981333036523210467, -72.996728038616765843471512, 522.697082621746744734991807
           1532335269.04, 41.792695302168397120112786, -73.153247342357261118195311, 496.381946228030130896513583
           1532335274.04, 41.715696332715459959672444, -73.310485906161019897808728, 469.889212248610306232876610
           1532335279.04, 41.637937307269559994438168, -73.468456425160709954980121, 443.217634103021566716051893
           1532335284.04, 41.559404095779200360993855, -73.627171889142928762339579, 416.365943644279639102023793
           1532335289.04, 41.480082191282818371291796, -73.786645592026090412218764, 389.332850647467182625405258
           1532335294.04, 41.399956696810640721650998, -73.946891141719206075322290, 362.117042282150123355677351
           1532335299.04, 41.319012311723938069008000, -74.107922470379563151254843, 334.717182568143130083626602
           1532335304.04, 41.237233317461814863236214, -74.269753845089425681180728, 307.131911813746228290256113
           1532335309.04, 41.154603562666693505889270, -74.432399878971764906054887, 279.359846036011333580972860
           1532335314.04, 41.071106447655203908198018, -74.595875542766478361045301, 251.399576362288570408054511
           1532335319.04, 40.986724908201175310296094, -74.760196176889110120100668, 223.249668412572702891338849
           1532335324.04, 40.901441398597164322836761, -74.925377503991114735981682, 194.908661662712688666942995
           1532335329.04, 40.815237873966481174647924, -75.091435642027434482770332, 166.375068791161282888424466
           1532335334.04, 40.728095771852920847777568, -75.258387117728887005796423, 137.647375030563210884793079
           1532335339.04, 40.639995994194414663525095, -75.426248878330468983222090, 108.724037897078318337662495
           1532335344.04, 40.550919062822558203151857, -75.595037974410701053784578, 79.603543585624549905332970
           1532335349.04, 40.460860811724543850687041, -75.764742056449520646310702, 50.289486402287145949685510
           1532335354.04, 40.370646663208447080251062, -75.933798509563985135173425, 21.052637407160364801939068
           1532335359.04, 40.305744656810780668365624, -76.054844117135516512462345, 0.063520714703947309121013
